60745,Recetas de Aperitivos y tapas,Receta de Ceviche de surimi con mango,baja,36,10,Entrante,6 barras de surimi
60747,Recetas de Aperitivos y tapas,Receta de Empanadas de papa con chorizo,baja,25,45,Entrante,1 kilogramo de Masa de maiz
60749,Recetas de Aperitivos y tapas,Receta de Tacos dorados de papa con salsa de tomate,baja,36,45,Entrante,½ kilogramo de Papa
60750,Recetas de Aperitivos y tapas,Receta de Tostadas de surimi con camarón,baja,36,30,Entrante,6 barras de surimi
60762,Recetas de Aperitivos y tapas,Receta de Pastes hawaianos - Pastes de Hidalgo,baja,10,130,Entrante,1 kilogramo de Masa de hojaldre
60766,Recetas de Aperitivos y tapas,Receta de Burritos de choriqueso,baja,45,15,Entrante,300 gramos de chorizo
60778,Recetas de Aperitivos y tapas,Receta de Champiñones al horno con ajo y perejil,baja,28,30,Plato principal,6 champiñón
60783,Recetas de Aperitivos y tapas,Receta de Arepa de auyama sin harina de maíz,baja,28,15,Plato principal,1 kilogramo de Auyama
60784,Recetas de Aperitivos y tapas,Receta de Arepa de auyama y avena,baja,28,15,Entrante,1 taza de harina de maíz precocida
60785,Recetas de Aperitivos y tapas,Receta de Arepas de arroz con maicena,baja,28,15,Plato principal,1 taza de arroz cocido (175 gramos)
60792,Recetas de Aperitivos y tapas,Receta de Soufflé de 4 quesos,media,45,130,Entrante,½ litro de Leche
60794,Recetas de Aperitivos y tapas,Receta de Bocadillo vegetariano,baja,45,15,Plato principal,1 unidad de aguacate maduro
60797,Recetas de Aperitivos y tapas,Receta de Brochetas de carne de cerdo con piña al horno,baja,10,45,Entrante,1 kilogramo de carne de cerdo en trozos
60799,Recetas de Aperitivos y tapas,Receta de Enchiladas en salsa de aguacate y chile poblano,media,45,30,Plato principal,16 piezas de Tortilla de maíz
60805,Recetas de Aperitivos y tapas,Receta de Tostadas de champiñones con queso,baja,45,30,Entrante,8 piezas de Tortilla de maíz
60806,Recetas de Aperitivos y tapas,Receta de Tlacoyo de haba,baja,10,6,Entrante,1 kilogramo de Masa de maíz
60826,Recetas de Aperitivos y tapas,Receta de Tarta de cebolla caramelizada y queso brie,baja,45,130,Entrante,1 lámina de hojaldre rectangular
60828,Recetas de Aperitivos y tapas,Receta de Tacos al pastor veganos,baja,36,8,Entrante,3 tazas de soja texturizada
60835,Recetas de Aperitivos y tapas,Receta de Arepas de plátano maduro sin harina de maíz,baja,28,15,Plato principal,3 piezas de Plátanos maduros
60836,Recetas de Aperitivos y tapas,Receta de Arepas de espinaca con avena,baja,28,15,Entrante,1 taza de harina de maíz (120 gramos)
60837,Recetas de Aperitivos y tapas,Receta de Arepas de calabacin y cilantro,baja,45,15,Entrante,3 tazas de harina de maíz (360 gramos)
60838,Recetas de Aperitivos y tapas,Receta de Arepas de calabacín con avena,baja,28,15,Entrante,1 taza de calabacín (zucchini)
60839,Recetas de Aperitivos y tapas,Receta de Pizza con harina de maíz,baja,56,10,Plato principal,1 taza de harina de maíz (120 gramos)
60840,Recetas de Aperitivos y tapas,Receta de Arepas de papas y queso,baja,30,15,Entrante,600 gramos de Papas
60841,Recetas de Aperitivos y tapas,Receta de Arepas de batata y avena,baja,36,15,Plato principal,3 piezas de Batata
60842,Recetas de Aperitivos y tapas,Receta de Arepa de batata sin harina de maíz,baja,28,15,Entrante,3 Batatas grandes
60843,Recetas de Aperitivos y tapas,Receta de Arepas de espinaca y perejil,baja,28,15,Entrante,1 taza de harina de maíz (120 gramos)
60844,Recetas de Aperitivos y tapas,Receta de Arepas de ocumo chino,baja,36,15,Entrante,3 Ocumos chinos grandes (o taro)
60848,Recetas de Aperitivos y tapas,Receta de Arepas de plátano verde sin harina,baja,28,15,Plato principal,3 Plátano verde
60851,Recetas de Aperitivos y tapas,Receta de Quesadillas fritas de papa,baja,36,45,Entrante,1 kilogramo de Masa de maíz
60852,Recetas de Aperitivos y tapas,Receta de Sopes al estilo Guadalajara,baja,45,30,Entrante,8 piezas de tortillas para sopes
60853,Recetas de Aperitivos y tapas,Receta de Tamales de barbacoa de pollo,media,45,130,Plato principal,1 kilogramo de Muslo o pierna de pollo
60862,Recetas de Aperitivos y tapas,Receta de Sándwich light de pollo,baja,56,10,Plato principal,2 rodajas de pechuga de pollo (fiambre)
60870,Recetas de Aperitivos y tapas,Receta de Croquetas de pavo y huevo duro,baja,45,30,Entrante,100 gramos de Fiambre de pavo
60882,Recetas de Aperitivos y tapas,Receta de Quesadillas de papa con longaniza,baja,80,45,Plato principal,1 kilogramo de Masa de maíz
60883,Recetas de Aperitivos y tapas,Receta de Tacos de nopales a la mexicana,baja,45,30,Plato principal,8 piezas de Nopal mediano
60886,Recetas de Aperitivos y tapas,Receta de Entomatadas de pollo al horno,baja,25,45,Plato principal,1 pechuga de pollo
60906,Recetas de Aperitivos y tapas,Receta de Torrada de escalivada con atún,baja,45,45,Entrante,4 rodajas de pan de payés o de pueblo
60910,Recetas de Aperitivos y tapas,Receta de Torta de chilaquiles,baja,45,30,Entrante,2 tazas de Totopos de maíz
60927,Recetas de Aperitivos y tapas,Receta de Torta ahogada estilo Jalisco,media,45,130,Plato principal,700 gramos de tomate rojo
60939,Recetas de Aperitivos y tapas,Receta de Setas a la plancha con jamón,baja,28,10,Entrante,250 gramos de setas (1 bandeja)
60942,Recetas de Aperitivos y tapas,Receta de Fajitas de pollo y carne picada,baja,25,45,Plato principal,100 gramos de pechuga de pollo
60954,Recetas de Aperitivos y tapas,Receta de Tacos de suadero,baja,45,230,Entrante,1 kilogramo de carne de suadero
60956,Recetas de Aperitivos y tapas,Receta de Tacos de pescado estilo Ensenada,media,45,45,Plato principal,1 kilogramo de Filete de pescado cortado en tiras
60986,Recetas de Aperitivos y tapas,Receta de Bocadillo de calamares con alioli de ajo negro,baja,45,30,Entrante,4 pan baguette o similar
61003,Recetas de Aperitivos y tapas,Receta de Empanada de bacalao con pasas y piñones,media,30,130,Entrante,300 gramos de Harina de espelta integral
61027,Recetas de Aperitivos y tapas,Receta de Tequeños de plátano con queso,baja,12,30,Entrante,3 Plátanos maduros
61032,Recetas de Aperitivos y tapas,Receta de Tosta de lomo y verduras,baja,28,45,Entrante,2 rebanadas de pan de pueblo
61040,Recetas de Aperitivos y tapas,Receta de Brochetas de pollo a la barbacoa,baja,45,30,Plato principal,2 pechugas de pollo
72692,Recetas de Aperitivos y tapas,Receta de Croquetas de acelga al horno,baja,45,45,Entrante,1 manojo de acelgas
72923,Recetas de Aperitivos y tapas,Receta de Chimichanga mexicana original,baja,25,30,Entrante,20 tortillas de harina
72924,Recetas de Aperitivos y tapas,Receta de Tacos de Jamaica,baja,45,30,Entrante,1 bolsa de flor de Jamaica
72927,Recetas de Aperitivos y tapas,Receta de Ceviche de atún,baja,25,15,Entrante,3 latas de atún en agua
73006,Recetas de Aperitivos y tapas,Receta de Enchiladas mineras,baja,45,30,Entrante,16 piezas de tortilla de maíz
73007,Recetas de Aperitivos y tapas,Receta de Enchiladas rancheras,baja,45,15,Plato principal,16 tortillas de maíz
73269,Recetas de Aperitivos y tapas,Receta de Masa para tartas saladas,baja,45,45,Plato principal,180 gramos de harina de trigo
73314,Recetas de Aperitivos y tapas,Receta de Chipirones a la andaluza,baja,45,15,Entrante,400 gramos de chipirón fresco
73360,Recetas de Aperitivos y tapas,Receta de Ceviche de salchicha,baja,45,30,Entrante,2 salchichas tipo frankfurt
73431,Recetas de Aperitivos y tapas,Receta de Ceviche de cochayuyo,baja,28,15,Entrante,1 paquete de cochayuyo
73799,Recetas de Aperitivos y tapas,Receta de Sarmale,media,28,130,Plato principal,300 kilogramos de carne mixta (ternera y pollo)
73814,Recetas de Aperitivos y tapas,Receta de Ceviche de jaiba,baja,36,230,Entrante,500 gramos de carne de jaiba
73815,Recetas de Aperitivos y tapas,Receta de Ceviche de sierra,baja,36,45,Entrante,1 kilogramo de pescado sierra molido
73816,Recetas de Aperitivos y tapas,Receta de Enchiladas potosinas,baja,45,45,Plato principal,10 chiles anchos desvenados y sin semillas
73817,Recetas de Aperitivos y tapas,Receta de Quesadillas de flor de calabaza,baja,36,45,Plato principal,300 gramos de flor de calabaza fresca
73818,Recetas de Aperitivos y tapas,Receta de Tacos campechanos,baja,36,30,Entrante,1 kilogramo de carne de cerdo (bistec)
73878,Recetas de Aperitivos y tapas,Receta de Nueces caramelizadas,baja,36,15,Acompañamiento,400 kilogramos de nueces con cáscara
74020,Recetas de Aperitivos y tapas,Receta de Farofa brasileña,baja,56,30,Acompañamiento,1 cebolla grande
74043,Recetas de Aperitivos y tapas,Receta de Edamame,muy baja,45,10,Entrante,1 bolsa de edamame (vainas de soja)
74055,Recetas de Aperitivos y tapas,Receta de Ceviche de atún con mango,muy baja,45,130,Entrante,2 filetes de atún
74056,Recetas de Aperitivos y tapas,Receta de Tomates cherry confitados,baja,36,130,Acompañamiento,500 gramos de tomates cherry
74068,Recetas de Aperitivos y tapas,Receta de Hummus de zanahoria,baja,36,130,Entrante,2 zanahorias
74081,Recetas de Aperitivos y tapas,Receta de Masa para empanadas fritas,baja,30,30,Entrante,3 tazas de harina de trigo (420 gramos)
74133,Recetas de Aperitivos y tapas,Receta de Tacos de carne molida,baja,45,30,Plato principal,500 gramos de carne molida
74146,Recetas de Aperitivos y tapas,Receta de Croquetas de pollo caseras de la abuela,baja,45,45,Entrante,1 pechuga de pollo cocida y troceada
74154,Recetas de Aperitivos y tapas,Receta de Burritos norteños,muy baja,25,30,Entrante,10 tortillas de harina para burritos
57213,Recetas de Arroces y cereales,Receta de Paella de pollo y verduras,media,7,30,Plato principal,1 chorro de Aceite de oliva
57255,Recetas de Arroces y cereales,Receta de Frijol con puerco,baja,45,30,Plato principal,1 taza de arroz
57343,Recetas de Arroces y cereales,Receta de Sushi de aguacate y quinoa,media,28,30,Entrante,100 gramos de arroz para sushi
57410,Recetas de Arroces y cereales,Receta de Risotto de gambas y brocoli,baja,36,130,Entrante,500 gramos de arroz
57460,Recetas de Arroces y cereales,Receta de Arroz con nueces y arándanos,baja,25,45,Plato principal,300 gramos de arroz blanco previamente cocinado
57499,Recetas de Arroces y cereales,Receta de Quinoa con espárragos,baja,28,45,Plato principal,1 unidad de zanahoria
57534,Recetas de Arroces y cereales,Receta de Ensalada de cuscus y garbanzos,baja,28,45,Entrante,1 bote de garbanzos cocidos
57543,Recetas de Arroces y cereales,Receta de Arroz salvaje con salmón,media,25,30,Plato principal,2 tazas de arroz salvaje
57545,Recetas de Arroces y cereales,Receta de Arroz con coco costeño,media,30,45,Entrante,1 taza de arroz
57554,Recetas de Arroces y cereales,Receta de Granola casera fit,baja,10,30,Plato principal,1 libra de avena en hojuelas o copos
57569,Recetas de Arroces y cereales,Receta de Arroz salvaje con quinoa,baja,25,130,Plato principal,2 tazas de arroz salvaje
57581,Recetas de Arroces y cereales,Receta de Muffins de granola,baja,45,30,Plato principal,250 gramos de granola casera
57585,Recetas de Arroces y cereales,Receta de Paella valenciana de pollo y verduras,alta,45,30,Plato principal,700 gramos de pollo
57609,Recetas de Arroces y cereales,Receta de Arroz con maíz y tocineta,baja,45,30,Acompañamiento,½ libra de Tocineta o Bacon
57617,Recetas de Arroces y cereales,Receta de Arroz meloso con marisco,baja,45,30,Plato principal,250 gramos de arroz
57636,Recetas de Arroces y cereales,Receta de Arroz con pechuga de pavo,media,28,45,Plato principal,300 gramos de pechuga de pavo
57636,Recetas de Arroces y cereales,Receta de Arroz con pechuga de pavo,media,28,45,Plato principal,300 gramos de pechuga de pavo
57641,Recetas de Arroces y cereales,Receta de Sushi vegetariano con tomates secos,baja,28,30,Entrante,325 mililitros de Agua
57641,Recetas de Arroces y cereales,Receta de Sushi vegetariano con tomates secos,baja,28,45,Entrante,325 mililitros de Agua
57645,Recetas de Arroces y cereales,Receta de Ensalada de pollo con cuscus,baja,56,15,Plato principal,1 unidad de Filete de pechuga de pollo
57645,Recetas de Arroces y cereales,Receta de Ensalada de pollo con cuscus,baja,56,30,Plato principal,1 unidad de Filete de pechuga de pollo
57686,Recetas de Arroces y cereales,Receta de Mujaddara - Arroz con lentejas libanés,media,28,30,Plato principal,250 gramos de arroz blanco cocinado
57686,Recetas de Arroces y cereales,Receta de Mujaddara - Arroz con lentejas libanés,media,28,130,Plato principal,250 gramos de arroz blanco cocinado
57688,Recetas de Arroces y cereales,Receta de Arroz salvaje con pollo y setas,baja,45,130,Plato principal,150 gramos de arroz blanco cocinado
57688,Recetas de Arroces y cereales,Receta de Arroz salvaje con pollo y setas,baja,45,30,Plato principal,150 gramos de arroz blanco cocinado
57706,Recetas de Arroces y cereales,Receta de Risotto de pollo,media,25,130,Plato principal,350 gramos de pollo desmechado
57706,Recetas de Arroces y cereales,Receta de Risotto de pollo,media,25,30,Plato principal,350 gramos de pollo desmechado
57768,Recetas de Arroces y cereales,Receta de Risotto vegano de setas,media,30,45,Plato principal,200 gramos de arroz arborio
57768,Recetas de Arroces y cereales,Receta de Risotto vegano de setas,media,30,130,Plato principal,200 gramos de arroz arborio
57770,Recetas de Arroces y cereales,Receta de Arroz caldoso con calamares,media,45,130,Plato principal,500 gramos de Anillos de calamar
57770,Recetas de Arroces y cereales,Receta de Arroz caldoso con calamares,media,45,30,Plato principal,500 gramos de Anillos de calamar
57796,Recetas de Arroces y cereales,Receta de Arroz con camarones estilo colombiano,media,45,45,Plato principal,2 tazas de arroz blanco
57796,Recetas de Arroces y cereales,Receta de Arroz con camarones estilo colombiano,media,45,45,Plato principal,2 tazas de arroz blanco
57797,Recetas de Arroces y cereales,Receta de Arroz con pulpo y gambas,baja,45,45,Plato principal,500 gramos de pulpo cocido
57797,Recetas de Arroces y cereales,Receta de Arroz con pulpo y gambas,baja,45,45,Plato principal,500 gramos de pulpo cocido
57798,Recetas de Arroces y cereales,Receta de cuscus con verduras y frutos secos,baja,28,30,Acompañamiento,100 gramos de cuscus
57798,Recetas de Arroces y cereales,Receta de cuscus con verduras y frutos secos,baja,28,45,Plato principal,100 gramos de cuscus
57799,Recetas de Arroces y cereales,Receta de Arroz salvaje con gambas,media,45,130,Plato principal,300 gramos de gambas o camarones
57799,Recetas de Arroces y cereales,Receta de Arroz salvaje con gambas,media,45,45,Plato principal,300 gramos de gambas o camarones
57867,Recetas de Arroces y cereales,Receta de Arroz vegetariano,media,28,30,Plato principal,180 gramos de arroz integral
57867,Recetas de Arroces y cereales,Receta de Arroz vegetariano,media,28,130,Plato principal,180 gramos de arroz integral
57876,Recetas de Arroces y cereales,Receta de Arroz integral con verduras y pollo,media,30,130,Plato principal,1 taza de arroz integral (200 gramos)
57876,Recetas de Arroces y cereales,Receta de Arroz integral con verduras y pollo,media,30,15,Plato principal,1 taza de arroz integral (200 gramos)
57917,Recetas de Arroces y cereales,Receta de cuscus con garbanzos y verduras,media,45,130,Plato principal,1 unidad de berenjena
57917,Recetas de Arroces y cereales,Receta de cuscus con garbanzos y verduras,media,45,130,Plato principal,1 unidad de berenjena
57978,Recetas de Arroces y cereales,Receta de Tabule con langostinos,baja,28,30,Plato principal,6 unidades de langostinos
57978,Recetas de Arroces y cereales,Receta de Tabule con langostinos,baja,28,30,Plato principal,6 unidades de langostinos
58013,Recetas de Arroces y cereales,Receta de Ensalada de quinoa y pollo con mango,media,28,30,Plato principal,200 gramos de pechuga de pollo
58013,Recetas de Arroces y cereales,Receta de Ensalada de quinoa y pollo con mango,media,28,130,Plato principal,200 gramos de pechuga de pollo
58036,Recetas de Arroces y cereales,Receta de Risotto de verduras y setas,media,28,45,Plato principal,2 unidades de zanahoria
58036,Recetas de Arroces y cereales,Receta de Risotto de verduras y setas,media,28,45,Plato principal,2 unidades de zanahoria
58052,Recetas de Arroces y cereales,Receta de Risotto de champiñones,media,30,45,Plato principal,100 gramos de arroz
58052,Recetas de Arroces y cereales,Receta de Risotto de champiñones,media,30,30,Plato principal,100 gramos de arroz
58073,Recetas de Arroces y cereales,Receta de Tabulé de verduras crudas,baja,28,45,Entrante,1 Lámina de hojaldre
58097,Recetas de Arroces y cereales,Receta de Arroz con salmón y coliflor,media,45,45,Plato principal,80 gramos de salmón ahumado
58097,Recetas de Arroces y cereales,Receta de Arroz con salmón y coliflor,media,45,30,Plato principal,80 gramos de salmón ahumado
58102,Recetas de Arroces y cereales,Receta de Arroz de calabaza,baja,30,45,Plato principal,1 taza de arroz
58102,Recetas de Arroces y cereales,Receta de Arroz de calabaza,baja,30,30,Plato principal,1 taza de arroz
58110,Recetas de Arroces y cereales,Receta de Avena cocida con plátano y fresa,media,56,30,Desayuno,125 gramos de avena en hojuelas
58110,Recetas de Arroces y cereales,Receta de Avena cocida con plátano y fresa,media,56,45,Plato principal,125 gramos de avena en hojuelas
58116,Recetas de Arroces y cereales,Receta de Arroz con frijoles cubano,baja,45,45,Acompañamiento,2 tazas de arroz blanco cocido
58116,Recetas de Arroces y cereales,Receta de Arroz con frijoles cubano,baja,45,45,Plato principal,2 tazas de arroz blanco cocido
58181,Recetas de Arroces y cereales,Receta de Arroz con costillas de cerdo ibérico,baja,45,45,Plato principal,300 gramos de costillas de cerdo ibérico
58181,Recetas de Arroces y cereales,Receta de Arroz con costillas de cerdo ibérico,baja,45,30,Plato principal,300 gramos de costillas de cerdo ibérico
58226,Recetas de Arroces y cereales,Receta de Albóndigas de avena con tomate,baja,56,30,Cena,100 gramos de avena en hojuelas
58226,Recetas de Arroces y cereales,Receta de Albóndigas de avena con tomate,baja,56,130,Plato principal,100 gramos de avena en hojuelas
58264,Recetas de Arroces y cereales,Receta de Arroz salvaje con frutos secos,baja,25,45,Acompañamiento,350 gramos de arroz salvaje
58264,Recetas de Arroces y cereales,Receta de Arroz salvaje con frutos secos,baja,25,30,Acompañamiento,350 gramos de arroz salvaje
58277,Recetas de Arroces y cereales,Receta de Arroz basmati con verduras,media,28,30,Plato principal,200 gramos de arroz basmati
58277,Recetas de Arroces y cereales,Receta de Arroz basmati con verduras,media,28,30,Plato principal,200 gramos de arroz basmati
58373,Recetas de Arroces y cereales,Receta de Arroz con caracoles,media,36,130,Plato principal,350 gramos de arroz
58373,Recetas de Arroces y cereales,Receta de Arroz con caracoles,media,36,130,Plato principal,350 gramos de arroz
58388,Recetas de Arroces y cereales,Receta de Arroz verde con espinacas,baja,45,30,Acompañamiento,1 taza de arroz
58388,Recetas de Arroces y cereales,Receta de Arroz verde con espinacas,baja,45,30,Acompañamiento,1 taza de arroz
58401,Recetas de Arroces y cereales,Receta de Barritas energéticas de avena y pistachos,baja,45,45,Desayuno,70 gramos de Mantequilla sin sal
58401,Recetas de Arroces y cereales,Receta de Barritas energéticas de avena y pistachos,baja,45,15,Desayuno,70 gramos de Mantequilla sin sal
58436,Recetas de Arroces y cereales,Receta de Arroz tapado peruano,media,45,30,Plato principal,250 gramos de arroz blanco
58436,Recetas de Arroces y cereales,Receta de Arroz tapado peruano,media,45,30,Plato principal,250 gramos de arroz blanco
58462,Recetas de Arroces y cereales,Receta de Paella de marisco y verduras,media,45,130,Plato principal,½ kilogramo de arroz
58462,Recetas de Arroces y cereales,Receta de Paella de marisco y verduras,media,45,45,Plato principal,½ kilogramo de arroz
58467,Recetas de Arroces y cereales,Receta de Risotto de pollo y verduras,media,45,45,Plato principal,1 pechuga de pollo cocinada
58467,Recetas de Arroces y cereales,Receta de Risotto de pollo y verduras,media,45,45,Plato principal,1 pechuga de pollo cocinada
58471,Recetas de Arroces y cereales,Receta de cuscus marroquí con verduras,baja,28,30,Plato principal,½ Pimiento rojo
58471,Recetas de Arroces y cereales,Receta de cuscus marroquí con verduras,baja,28,45,Plato principal,½ Pimiento rojo
58488,Recetas de Arroces y cereales,Receta de Arroz al curry con apio,baja,30,45,Plato principal,1 taza de arroz
58488,Recetas de Arroces y cereales,Receta de Arroz al curry con apio,baja,30,45,Plato principal,1 taza de arroz
58503,Recetas de Arroces y cereales,Receta de Arroz al curry con pollo y verduras,media,45,45,Plato principal,350 gramos de arroz
58503,Recetas de Arroces y cereales,Receta de Arroz al curry con pollo y verduras,media,45,130,Plato principal,350 gramos de arroz
58532,Recetas de Arroces y cereales,Receta de Risotto con gambas y espárragos verdes,media,45,130,Plato principal,250 gramos de gambas
58532,Recetas de Arroces y cereales,Receta de Risotto con gambas y espárragos verdes,media,45,130,Plato principal,250 gramos de gambas
58548,Recetas de Arroces y cereales,Receta de Milanesas de quinoa,baja,28,45,Plato principal,100 gramos de quinoa
58548,Recetas de Arroces y cereales,Receta de Milanesas de quinoa,baja,28,30,Plato principal,100 gramos de quinoa
58551,Recetas de Arroces y cereales,Receta de Arroz caldoso con pollo y judías,baja,25,45,Plato principal,300 gramos de arroz
58551,Recetas de Arroces y cereales,Receta de Arroz caldoso con pollo y judías,baja,25,130,Plato principal,300 gramos de arroz
58558,Recetas de Arroces y cereales,Receta de Arroz al curry con tofu,baja,45,30,Plato principal,2 tazas de arroz blanco cocido
58558,Recetas de Arroces y cereales,Receta de Arroz al curry con tofu,baja,45,45,Plato principal,2 tazas de arroz blanco cocido
58614,Recetas de Arroces y cereales,Receta de Arroz con pasas,baja,36,30,Acompañamiento,500 gramos de arroz
58614,Recetas de Arroces y cereales,Receta de Arroz con pasas,baja,36,30,Plato principal,500 gramos de arroz
58621,Recetas de Arroces y cereales,Receta de Arroz con verduras salteadas,media,10,45,Plato principal,3 tazas de arroz
58621,Recetas de Arroces y cereales,Receta de Arroz con verduras salteadas,media,10,30,Plato principal,3 tazas de arroz
58640,Recetas de Arroces y cereales,Receta de Crepes de avena fitness,baja,28,30,Desayuno,50 gramos de Harina de avena
58640,Recetas de Arroces y cereales,Receta de Crepes de avena fitness,baja,28,45,Plato principal,50 gramos de Harina de avena
58648,Recetas de Arroces y cereales,Receta de Risotto de trigo sarraceno,baja,30,15,Plato principal,300 gramos de Trigo sarraceno
58648,Recetas de Arroces y cereales,Receta de Risotto de trigo sarraceno,baja,30,45,Plato principal,300 gramos de Trigo sarraceno
58654,Recetas de Arroces y cereales,Receta de Arroz con tofu y champiñones,baja,28,130,Plato principal,2 tazas de arroz blanco cocinado
58678,Recetas de Arroces y cereales,Receta de Arroz mixto colombiano,media,10,30,Plato principal,500 gramos de arroz
58680,Recetas de Arroces y cereales,Receta de Quinoa con setas,media,28,30,Entrante,125 gramos de quinoa
58685,Recetas de Arroces y cereales,Receta de Quinoa con brocoli,baja,56,130,Entrante,125 gramos de quinoa
58695,Recetas de Arroces y cereales,Receta de Ensalada de cuscus y aguacate,baja,28,30,Entrante,120 gramos de cuscus
58707,Recetas de Arroces y cereales,Receta de Arroz al horno con queso y crema,media,30,45,Acompañamiento,2 tazas de arroz blanco cocido
58709,Recetas de Arroces y cereales,Receta de Ensalada de brocoli con quinoa y lima,baja,28,45,Plato principal,1 unidad de brocoli
58787,Recetas de Arroces y cereales,Receta de Risotto de quinoa y setas,baja,30,45,Plato principal,270 gramos de quinoa cocida
58801,Recetas de Arroces y cereales,Receta de Hamburguesa de quinoa,baja,25,130,Cena,1 kilogramo de quinoa
58829,Recetas de Arroces y cereales,Receta de Barritas integrales con semillas,baja,45,15,Entrante,4 cucharadas soperas de Semillas de girasol
58834,Recetas de Arroces y cereales,Receta de Rollitos de primavera con quinoa,media,45,130,Entrante,50 gramos de quinoa
34186,Recetas de Carne,Receta de lomo a la crema de verdeo con papas,baja,45,130,Plato principal,1 kilo de bifes de lomo o cualquier otro corte
34195,Recetas de Carne,Receta de Pastel de carne picada,baja,45,45,Plato principal,½ kilogramo de carne molida de primera
34196,Recetas de Carne,Receta de Hamburguesas caseras con avena,baja,45,30,Plato principal,700 gramos de carne picada
34200,Recetas de Carne,Receta de Albóndigas caseras con piñones,baja,28,45,Plato principal,250 gramos de carne picada
34235,Recetas de Carne,Receta de Carne a la crema con chile,media,28,45,Plato principal,1/2 kg de chuletas de puerco
34251,Recetas de Carne,Receta de Caracoles en salsa,media,56,130,Plato principal,1 kilogramo de caracoles
34377,Recetas de Carne,Receta de Mollejas al chile verde.,media,28,45,Plato principal,1 kg de mollejas limpias
34393,Recetas de Carne,Receta de cordero lechal asado a la burgalesa,alta,45,30,Plato principal,1/2 pieza de cordero
34403,Recetas de Carne,Receta de almondigas chupate los dedos.,baja,25,45,Plato principal,1 paquete de carne picada
34422,Recetas de Carne,Receta de Filetes de ternera en salsa de cebolla,baja,30,30,Plato principal,4 filetes de ternera
34456,Recetas de Carne,Receta de Mondongo criollo venezolano,media,45,130,Plato principal,1 pizca de Sal
34459,Recetas de Carne,Receta de Lomo con almendras,media,45,45,Plato principal,Un trozo de lomo sin atar ( mejor de la punta de dos colores )
34506,Recetas de Carne,Receta de CARNE EN SU JUGO ESTILO SINALOA,baja,28,30,Plato principal,2 kilogramos de carne para asar que este blandita
34518,Recetas de Carne,Receta de lomo de feria,media,10,45,Plato principal,2 pimientos rojos
34531,Recetas de Carne,Receta de Calabazas con puerco,baja,25,30,Plato principal,1 kilogramo de carne de cerdo (costillas y masiza)
34548,Recetas de Carne,Receta de indios,alta,28,45,Plato principal,1 repollo grande
34586,Recetas de Carne,Receta de Chuletas al Vino Tinto,baja,45,30,Plato principal,2 chuletas ahumadas de cerdo
34589,Recetas de Carne,Receta de texas burger,media,45,130,Plato principal,1 ternera picada
34610,Recetas de Carne,Receta de cliliajo con carne de león,media,45,45,Plato principal,1/2 kg de carne de león
34655,Recetas de Carne,Receta de Lomo de cerdo al puerro,baja,28,30,Plato principal,3 puerros
34686,Recetas de Carne,Receta de TAPA CUADRIL AL AJO,media,28,30,Plato principal,1 tapa cuadril sin desgrasar
34794,Recetas de Carne,Receta de Mole verde sencillo,media,56,30,Plato principal,1 kg. de carne de puerco
34818,Recetas de Carne,Receta de Falda de res en tomate con verduras,baja,28,45,Plato principal,1/2 kg de falda de res
34919,Recetas de Carne,Receta de CALLOS A LA BARINESA,alta,45,45,Plato principal,1 kilo de panza (callos)
34980,Recetas de Carne,Receta de botana de puerco,alta,25,30,Plato principal,2k de carne de puerco (pierna)
35096,Recetas de Carne,Receta de COSTILLAS DE CERDO A LA MIEL,media,30,130,Plato principal,1 Costillero de cerdo de 1
35225,Recetas de Carne,Receta de Chop Suey Agridulce,media,45,30,Plato principal,carne
35271,Recetas de Carne,Receta de angu,baja,45,30,Plato principal,1/2 libra de harina de tostado (legumbres tostadas molidas)
35276,Recetas de Carne,Receta de carne mongoliana,alta,28,130,Plato principal,1 kilogramo de Sobrecostilla
38607,Recetas de Carne,Receta de Lomo de cerdo en salsa de yogur,media,25,45,Plato principal,1 kilogramo de lomo de cerdo
38611,Recetas de Carne,Receta de Lomo de cerdo con pimienta y vino tinto,baja,25,30,Plato principal,2 cucharadas soperas de Aceite
38612,Recetas de Carne,Receta de Lomo de cerdo con arándanos,baja,30,30,Plato principal,500 gramos de lomo de cerdo
38613,Recetas de Carne,Receta de Lomo de cerdo con salsa de naranja,baja,25,30,Plato principal,1 vaso de Agua
38620,Recetas de Carne,Receta de Lomo strogonoff,alta,45,45,Plato principal,1 kilogramo de lomo de res
38666,Recetas de Carne,Receta de Matambre asado con pimientos,media,36,45,Plato principal,1 cucharada sopera de Orégano
38740,Recetas de Carne,Receta de Osobuco al horno,baja,45,30,Plato principal,4 osobucos de ternera
38840,Recetas de Carne,Receta de Pastelón de yuca con carne,media,36,130,Plato principal,900 gramos de yuca
38892,Recetas de Carne,Receta de Peceto a la crema,baja,80,30,Plato principal,250 g de crema de leche o nata liquida
38893,Recetas de Carne,Receta de Peceto a la mostaza,baja,36,30,Plato principal,1 kilo de peceto (eye round)
39242,Recetas de Carne,Receta de Riñones al vino blanco fáciles,baja,28,130,Plato principal,125 gramos de Mantequilla
61795,Recetas de Legumbres,Receta de Potaje de judías blancas con chorizo,baja,28,130,Plato principal,1 bote de judías blancas cocidas (400 gramos)
63639,Recetas de Legumbres,Receta de Garbanzos fritos con espinacas,baja,28,30,Plato principal,1 bote de garbanzos cocidos (400 gramos)
64261,Recetas de Legumbres,Receta de Frijoles con carne picantes (o chili beans),baja,45,45,Acompañamiento,400 gramos de frijoles picantes (vienen en lata y hay de varias marcas)
64645,Recetas de Legumbres,Receta de Judías con berenjena,media,45,130,Plato principal,1kg de alubia pinta cocida o 400 g de alubia pinta seca (cruda)
64694,Recetas de Legumbres,Receta de Lentejas estofadas con verduras y jamón,baja,45,30,Plato principal,350 gramos de lentejas
64831,Recetas de Legumbres,Receta de Lentejas con champiñones frescos,baja,45,130,Plato principal,1 bote de 400 gramos de lentejas cocidas
64843,Recetas de Legumbres,Receta de Filetes empanados veganos,alta,30,30,Plato principal,½ taza de soja texturizada fina
64889,Recetas de Legumbres,Receta de Hamburguesas de maíz y garbanzos,media,28,130,Plato principal,300 gramos de garbanzos cocidos
64928,Recetas de Legumbres,Receta de Sopa de frijoles con chicharrón,media,36,45,Plato principal,2 libras de frijol
64975,Recetas de Legumbres,Receta de Filetes de soja en salsa de champiñones,media,28,45,Plato principal,4 filetes veganos de soja (ver receta en mi perfil)
65113,Recetas de Legumbres,Receta de Revuelto de tofu con verduras,baja,45,45,Plato principal,200 gramos de tofu
65235,Recetas de Legumbres,Receta de Garbanzos con salsa americana fáciles y deliciosos,baja,28,130,Plato principal,1 bote de garbanzos cocidos (400 g)
65255,Recetas de Legumbres,Receta de Garbanzos guisados con chorizo y tomate,baja,28,15,Plato principal,1 bote de garbanzos cocidos (400 gramos)
65370,Recetas de Legumbres,Receta de Soja verde con verduras y arroz integral,baja,28,130,Plato principal,160 gramos de soja verde o judía mungo
65546,Recetas de Legumbres,Receta de Judías verdes con tomate y jamón,baja,56,30,Entrante,200 gramos de judías verdes frescas o congeladas
65644,Recetas de Legumbres,Receta de Crema de habichuelas,baja,45,130,Entrante,1 bote de habichuelas cocidas
65804,Recetas de Legumbres,Receta de Lentejas pardinas estofadas,baja,28,45,Plato principal,2 vasos de lentejas pardinas
65814,Recetas de Legumbres,Receta de Soja texturizada con salsa agridulce,baja,45,30,Plato principal,1 taza de soja texturizada gruesa
65915,Recetas de Legumbres,Receta de Salteado de garbanzos,baja,56,45,Plato principal,1 bote pequeño de garbanzos cocidos
65949,Recetas de Legumbres,Receta de Estofado de judías con tomate y cebolla,baja,45,30,Plato principal,3 tazas de judiones de la granja cocidos
66008,Recetas de Legumbres,Receta de Hamburguesas de lentejas veganas,baja,36,30,Plato principal,2 tazas de lentejas cocidas
66062,Recetas de Legumbres,Receta de Lentejas con chorizo y tomate,baja,28,45,Plato principal,200 gramos de lentejas
66218,Recetas de Legumbres,Receta de Curry de garbanzos vegano,baja,28,30,Plato principal,2 tazas de garbanzos cocidos
66241,Recetas de Legumbres,Receta de Olla de la Plana -¡Típica de Castellón!,media,30,45,Entrante,80 gramos de slubias blancas secas
66413,Recetas de Legumbres,Receta de Salchichas de tofu caseras,media,80,45,Plato principal,1 paquete de tofu en bloque (250-300 gramos)
66447,Recetas de Legumbres,Receta de Falafel de alubias rojas,baja,30,45,Entrante,1 taza de judías rojas remojadas
66513,Recetas de Legumbres,Receta de Filetes de soja texturizada al limón -¡Estilo chino!,baja,28,130,Plato principal,2 unidades de filetes de soja
66780,Recetas de Legumbres,Receta de Guiso de garbanzos con espinacas y pulpo,baja,28,15,Plato principal,1 bote de garbanzos cocidos (400 g)
67051,Recetas de Legumbres,Receta de Pastel de judías verdes y champiñones,baja,45,130,Entrante,400 gramos de judías verdes
69106,Recetas de Legumbres,Receta de Tofu en salsa teriyaki,baja,28,130,Plato principal,250 gramos de tofu
69161,Recetas de Legumbres,Receta de Fainá vegana,baja,28,45,Entrante,200 gramos de harina de garbanzos
70000,Recetas de Legumbres,Receta de Lentejas al curry veganas,baja,45,30,Plato principal,1 taza de lentejas
70046,Recetas de Legumbres,Receta de Guiso de lentejas vegetariano,baja,45,30,Plato principal,2 tazas de lentejas (mejor rojas)
70097,Recetas de Legumbres,Receta de Tempeh agridulce,baja,28,30,Plato principal,300 gramos de tempeh
70557,Recetas de Legumbres,Receta de Guiso vegano de alubias,baja,45,45,Entrante,1 taza de alubias o judías blancas de bote cocidas
70741,Recetas de Legumbres,Receta de Tempeh en salsa,baja,45,30,Plato principal,250 gramos de tempeh de soja
71176,Recetas de Legumbres,Receta de Lentejas estofadas con chorizo,baja,45,130,Entrante,400 gramos de lentejas
71356,Recetas de Legumbres,Receta de Garbanzos con chorizo en olla rápida,baja,45,30,Plato principal,1 kilogramo de garbanzos
71456,Recetas de Legumbres,Receta de Judías verdes con patatas y tomate,baja,45,30,Entrante,500 gramos de judías verdes
71715,Recetas de Legumbres,Receta de Judías pintas con verduras,baja,45,45,Plato principal,400 gramos de alubias pintas secas
71836,Recetas de Legumbres,Receta de Garbanzos con verduras rápidos,baja,30,45,Plato principal,1 bote de garbanzos cocidos
71886,Recetas de Legumbres,Receta de Atún vegano con soja texturizada,baja,36,130,Entrante,1 taza de soja texturizada
71973,Recetas de Legumbres,Receta de Feijoada vegana,baja,30,15,Plato principal,1 lata de frijoles negros
72436,Recetas de Legumbres,Receta de Falafel de lentejas,baja,36,130,Entrante,300 gramos de lentejas
73564,Recetas de Legumbres,Receta de Alubias con almejas,baja,45,30,Entrante,400 gramos de alubias secas
73629,Recetas de Legumbres,Receta de Lentejas con arroz,baja,45,130,Plato principal,400 gramos de lentejas secas
73801,Recetas de Legumbres,Receta de Garbanzos con acelgas,baja,45,45,Plato principal,600 gramos de garbanzos cocidos
9018,Recetas de Pescado,Receta de Entrada de atún,baja,28,45,Entrante,2 unidades de Huevos
22150,Recetas de Pescado,Receta de Chupín de Pescado,baja,45,45,Plato principal,1½ kilogramos de pescado
29977,Recetas de Pescado,Receta de Jureles al horno,baja,28,30,Plato principal,100 gramos de Mantequilla
30760,Recetas de Pescado,Receta de Thermomix: Torta de sardinas,alta,45,130,Entrante,1 kilogramo de sardinas pequeñas
31002,Recetas de Pescado,Receta de Thermomix: Nidos de tomate con lenguado con arroz,alta,36,130,Plato principal,6 tomates rojos y firmes
31272,Recetas de Pescado,Receta de Filete de merluza al horno,baja,36,30,Plato principal,1 kilogramo de Filetes de merluza
34508,Recetas de Pescado,Receta de Marlín en escabeche estilo Sinaloa,baja,25,30,Entrante,1 kilogramo de Marlín ahumado
46752,Recetas de Pescado,Receta de Buñuelos de bacalao con Thermomix,baja,45,15,Entrante,100 gramos de bacalao desalado
47930,Recetas de Pescado,Receta de Trucha al ajillo,baja,45,45,Plato principal,4 unidades de truchas
51146,Recetas de Pescado,Receta de Bacalao con verduras al vapor con Lekue,baja,28,30,Plato principal,1 unidad de lomo de bacalao
51419,Recetas de Pescado,Receta de Merluza al microondas con limón,baja,28,30,Plato principal,2 unidades de Filetes de merluza
51709,Recetas de Pescado,Receta de Lenguado lékué a la meniere,media,56,45,Plato principal,1 unidad de lenguado
51710,Recetas de Pescado,Receta de Lenguado con patatas al microondas,baja,56,10,Plato principal,1 lenguado
51711,Recetas de Pescado,Receta de Atún lékué con pisto,media,28,30,Plato principal,2 unidades de lomos de atún
51712,Recetas de Pescado,Receta de Salmón Lékué con verduras,media,28,30,Plato principal,2 rodajas de salmón
55319,Recetas de Pescado,Receta de Corvina al horno con verduras,baja,28,45,Plato principal,2 filetes de corvina
55352,Recetas de Pescado,Receta de Merluza gratinada,baja,30,45,Plato principal,3 unidades de lomos de merluza
55413,Recetas de Pescado,Receta de Pastel de pescado con atún,media,36,45,Entrante,1 paquete de pan de molde (horizontal)
55430,Recetas de Pescado,Receta de Lenguado a la plancha con salsa de yogur,media,45,45,Plato principal,4 filetes de lenguado
55431,Recetas de Pescado,Receta de Dorada al horno con limón,baja,45,45,Plato principal,4 filetes de dorada
55544,Recetas de Pescado,Receta de Dorada frita,baja,28,30,Plato principal,2 unidades de dorada fresca
55580,Recetas de Pescado,Receta de Pescado en salsa de cítricos,baja,56,30,Plato principal,1 filete de Tilapia
55586,Recetas de Pescado,Receta de Palitos de pescado,media,36,45,Plato principal,4 filetes de corvina
55656,Recetas de Pescado,Receta de Salmón a la plancha,baja,30,45,Plato principal,500 gramos de salmón
55676,Recetas de Pescado,Receta de Salmón a la plancha con salsa de queso,baja,56,30,Plato principal,200 gramos de salmón
55695,Recetas de Pescado,Receta de Marmitako de bonito,media,45,130,Plato principal,1 kilogramo de bonito
55700,Recetas de Pescado,Receta de Merluza en salsa americana,baja,45,30,Plato principal,4 filetes de merluza fresca
55709,Recetas de Pescado,Receta de Tacos de pescado al pastor,baja,25,30,Entrante,½ kilogramo de Tilapia en cubos
55718,Recetas de Pescado,Receta de Merluza a la sidra,baja,36,45,Plato principal,6 rodajas de merluza
55742,Recetas de Pescado,Receta de Salmón al horno con especias,baja,28,130,Plato principal,250 gramos de lomo de salmón
55744,Recetas de Pescado,Receta de Bacalao a la gallega,baja,28,30,Plato principal,2 unidades de lomos de bacalao desalados
55758,Recetas de Pescado,Receta de Trucha al horno con patatas,baja,28,45,Plato principal,2 unidades de trucha
55778,Recetas de Pescado,Receta de Hojaldre relleno de merluza,baja,45,30,Plato principal,500 gramos de Masa de hojaldre
55824,Recetas de Pescado,Receta de Merluza en papillote con verduras,baja,45,45,Plato principal,4 unidades de Filetes de merluza
55849,Recetas de Pescado,Receta de Salmón con salsa de espinacas,media,28,30,Plato principal,300 gramos de salmón
55876,Recetas de Pescado,Receta de Dorada al horno,baja,28,30,Plato principal,1 unidad de dorada (1kg)
55882,Recetas de Pescado,Receta de Salmón al cava,baja,45,45,Plato principal,4 piezas de salmón
55907,Recetas de Pescado,Receta de Salmón al microondas con limón,baja,28,15,Plato principal,2 filetes de salmón
55921,Recetas de Pescado,Receta de Lenguado a la naranja,baja,45,45,Plato principal,4 unidades de Filete de lenguado
55936,Recetas de Pescado,Receta de Salmón al horno con limón,baja,56,30,Plato principal,1 filete de salmón
56077,Recetas de Pescado,Receta de Filete de pescado alcaparrado,baja,28,30,Plato principal,2 unidades de Filete de tilapia
56085,Recetas de Pescado,Receta de Hamburguesas de salmón,baja,28,45,Plato principal,250 gramos de salmón sin piel
56093,Recetas de Pescado,Receta de Carpaccio de salmón ahumado y manzana,baja,56,45,Entrante,120 gramos de salmón ahumado
56113,Recetas de Pescado,Receta de Tataki de salmón con sésamo,media,56,30,Plato principal,200 gramos de salmón sin piel
56114,Recetas de Pescado,Receta de Buñuelos de bacalao sin gluten,baja,45,130,Entrante,4 filetes de bacalao desalado
56131,Recetas de Pescado,Receta de Ceviche de salmón fresco,media,45,30,Entrante,500 gramos de salmón fresco
56213,Recetas de Pescado,Receta de Mero gratinado al horno,media,36,30,Plato principal,6 rodajas de mero
56215,Recetas de Pescado,Receta de Sardinas en escabeche,baja,28,30,Entrante,6 unidades de sardinas grandes
56219,Recetas de Pescado,Receta de Lenguado menier,baja,45,130,Plato principal,4 filetes de lenguado
56320,Recetas de Pescado,Receta de Nigiri de salmón,baja,45,45,Entrante,1 taza de arroz de sushi cocinado
56356,Recetas de Pescado,Receta de Sardinas rellenas de jamón,baja,28,45,Plato principal,16 unidades de sardinas
56488,Recetas de Pescado,Receta de Atún al ajillo,media,45,45,Plato principal,4 unidades de Filetes de atún
56509,Recetas de Pescado,Receta de Bacalao en escabeche,media,45,45,Entrante,2 filetes de bacalao sin sal o desalado
56515,Recetas de Pescado,Receta de Atún rebozado con semillas de chía,media,45,130,Plato principal,1 taza de Harina de garbanzos
56537,Recetas de Pescado,Receta de Ají de atún peruano,baja,36,15,Entrante,2 latas de atún
56538,Recetas de Pescado,Receta de Filete de pescado en salsa de naranja,baja,45,130,Plato principal,4 filetes de pescado blanco
56701,Recetas de Pescado,Receta de Filete de pescado en salsa blanca,media,45,30,Plato principal,3 unidades de Filete de tilapia
56706,Recetas de Pescado,Receta de Pescado en salsa de langostinos,media,30,45,Plato principal,3 filetes de pescado (doncella)
56719,Recetas de Pescado,Receta de Tortitas de salmón ahumado,baja,28,15,Entrante,2 unidades de patatas
56720,Recetas de Pescado,Receta de Salmón en costra de nueces,media,56,45,Plato principal,200 gramos de salmón
56731,Recetas de Pescado,Receta de Dorada en salsa de mango,baja,56,45,Plato principal,1 filete de dorada
56752,Recetas de Pescado,Receta de Ajo de peces,media,45,130,Plato principal,4 piezas de Peces de río (200 g cada uno)
56831,Recetas de Pescado,Receta de Salmón en salsa de naranja,baja,56,45,Plato principal,200 gramos de salmón
56837,Recetas de Pescado,Receta de Filete de pescado al jengibre,baja,28,45,Plato principal,2 filetes de Tilapia o merluza
56870,Recetas de Pescado,Receta de Bagre en salsa,baja,56,30,Plato principal,1 filete de Bagre
56882,Recetas de Pescado,Receta de Pescado encocado,baja,36,130,Plato principal,1 kilogramo de pescado
56923,Recetas de Pescado,Receta de Panga all'acqua pazza,baja,28,30,Plato principal,2 filetes de Panga
57008,Recetas de Pescado,Receta de Lubina a la sal con pisto,baja,28,30,Plato principal,2 lubinas
57012,Recetas de Pescado,Receta de Bacalao confitado,media,28,30,Plato principal,2 unidades de lomos de bacalao desalado
57018,Recetas de Pescado,Receta de Filete de pescado con pimiento,media,30,130,Entrante,2 filetes de Tilapia o mero
57025,Recetas de Pescado,Receta de Rollos de salmón ahumado con coulis de naranja,baja,45,45,Entrante,100 gramos de salmón ahumado
57049,Recetas de Pescado,Receta de Bombones de salmón,baja,80,45,Entrante,200 gramos de salmón ahumado
57098,Recetas de Pescado,Receta de Bacalao a la plancha con salsa verde,baja,45,45,Plato principal,4 filetes de bacalao desalado
57100,Recetas de Pescado,Receta de Bacalao confitado con cebolla caramelizada,baja,45,45,Plato principal,4 filetes de bacalao desalado
57101,Recetas de Pescado,Receta de Merluza rellena de marisco,baja,45,130,Plato principal,4 filetes de merluza
57103,Recetas de Pescado,Receta de Rape al horno con almendras,baja,28,15,Plato principal,400 gramos de rape
57153,Recetas de Pescado,Receta de Guefilte fish,media,10,130,Entrante,3 kilogramos de dorada
57168,Recetas de Pescado,Receta de Merluza a la pimienta,baja,45,30,Plato principal,800 gramos de Filetes de merluza
57171,Recetas de Pescado,Receta de Ventresca de atún al horno,baja,28,45,Plato principal,1 filete de Ventresca de atún
57205,Recetas de Pescado,Receta de Merluza rebozada con pimientos,media,25,15,Plato principal,500 gramos de merluza
57337,Recetas de Pescado,Receta de Papillote de bacalao con verduras,baja,28,45,Plato principal,500 gramos de bacalao
57351,Recetas de Pescado,Receta de Bacalao con samfaina,baja,28,45,Plato principal,250 gramos de bacalao
57363,Recetas de Pescado,Receta de Charales en salsa verde,baja,36,15,Plato principal,250 gramos de Charales
57384,Recetas de Pescado,Receta de Bonito con tomate al horno,baja,28,130,Plato principal,2 unidades de lomos de bonito
57404,Recetas de Pescado,Receta de Chicharrón de pescado,baja,36,15,Entrante,500 gramos de lenguado
57512,Recetas de Pescado,Receta de Pescado en papillote de curry,baja,56,30,Plato principal,1 filete de pescado blanco
57547,Recetas de Pescado,Receta de Salmón a la mantequilla,baja,25,45,Plato principal,5 filetes de salmón fresco
57548,Recetas de Pescado,Receta de Salmón al horno con crema de limón,baja,25,130,Plato principal,5 filetes de salmón fresco
57552,Recetas de Pescado,Receta de Rodaballo al horno con salsa de sidra y boletus,baja,28,15,Plato principal,4 filetes de rodaballo
57555,Recetas de Pescado,Receta de Medallones de merluza al horno con patatas,baja,30,15,Plato principal,3 unidades de Medallones de merluza
57575,Recetas de Pescado,Receta de Pastel de salmón ahumado,media,80,130,Entrante,200 gramos de salmón ahumado
57598,Recetas de Pescado,Receta de Tartar de salmón ahumado,baja,30,30,Entrante,400 gramos de salmón ahumado
57634,Recetas de Pescado,Receta de Pastel de merluza y atún,baja,45,30,Plato principal,4 filetes de merluza
57642,Recetas de Pescado,Receta de Rape en salsa de nueces,media,28,230,Plato principal,400 gramos de rape
57657,Recetas de Pescado,Receta de Pez espada en salsa de gambas,baja,56,45,Plato principal,1 filete de Pez espada
57695,Recetas de Pescado,Receta de Timbal de bacalao,media,28,45,Plato principal,250 gramos de bacalao desalado
57767,Recetas de Pescado,Receta de Puré de salmón,media,45,30,Plato principal,2 filetes de salmón fresco
57800,Recetas de Pescado,Receta de Salmón marinado jápones,media,45,130,Plato principal,400 gramos de salmón fresco
57807,Recetas de Pescado,Receta de Salmón marinado con cítricos,baja,45,130,Plato principal,4 filetes de salmón fresco
57826,Recetas de Pescado,Receta de Dorada en salsa verde,baja,28,130,Plato principal,4 filetes de dorada
57965,Recetas de Pescado,Receta de Mero al horno con patatas panaderas,media,45,30,Plato principal,1 kilogramo de Filete de mero
57973,Recetas de Pescado,Receta de Boquerones al horno con patatas,baja,28,130,Plato principal,150 gramos de Boquerón
57974,Recetas de Pescado,Receta de Tataki de atún con soja y sésamo,media,28,130,Plato principal,180 gramos de atún fresco
57979,Recetas de Pescado,Receta de Salmón glaseado con mandarina y miel,baja,28,45,Plato principal,1 filete de salmón
58049,Recetas de Pescado,Receta de Mero al horno con limón y tomillo,baja,45,15,Plato principal,4 filetes de mero
58050,Recetas de Pescado,Receta de Mero en salsa de tomate,media,45,130,Plato principal,4 unidades de mero
58061,Recetas de Pescado,Receta de Salmón al horno con verduras,baja,28,30,Plato principal,3 filetes de salmón
58100,Recetas de Pescado,Receta de Mojarra frita con ensalada,baja,45,130,Plato principal,4 unidades de Mojarras enteras
58127,Recetas de Pescado,Receta de Pescado con costra de quinoa,baja,28,45,Plato principal,2 filetes de Tilapia
58160,Recetas de Pescado,Receta de Filete de pescado crocante,media,56,130,Plato principal,1 unidad de Tilapia
58189,Recetas de Pescado,Receta de Bacalao con pimientos choriceros,baja,45,30,Plato principal,3 piezas de patatas
58261,Recetas de Pescado,Receta de Emperador con verduras,baja,28,30,Plato principal,2 filetes de Emperador
58269,Recetas de Pescado,Receta de Lomos de merluza al ajillo,baja,28,130,Plato principal,400 gramos de lomos de merluza
58291,Recetas de Pescado,Receta de Bolitas de atún y queso,baja,56,30,Entrante,1 Huevo
58307,Recetas de Pescado,Receta de Salmón al horno con nata y champiñones,media,28,230,Plato principal,1 filete de salmón fresco
58314,Recetas de Pescado,Receta de Salmón al horno con hinojo y tomate,baja,56,45,Plato principal,250 gramos de salmón
58324,Recetas de Pescado,Receta de Rollitos de salmón con tabulé,baja,25,230,Entrante,200 gramos de salmón ahumado
58329,Recetas de Pescado,Receta de Tortitas de atún,media,45,30,Entrante,2 latas de atún
58375,Recetas de Pescado,Receta de Tilapia al horno con patatas,baja,45,15,Plato principal,4 filetes de Tilapia
58376,Recetas de Pescado,Receta de Tilapia frita con patacones,baja,45,230,Plato principal,4 filetes de Tilapia
58446,Recetas de Pescado,Receta de Bacalao a la llauna,media,30,30,Plato principal,3 filetes de bacalao desalado
58534,Recetas de Pescado,Receta de Salmón con brocoli y zanahoria al horno,media,45,45,Plato principal,4 filetes de salmón fresco
58539,Recetas de Pescado,Receta de Pescado al horno en salsa,media,28,130,Plato principal,2 unidades de Filete de pescado blanco
58611,Recetas de Pescado,Receta de Bacalao a la vizcaína estilo mexicano,media,10,30,Plato principal,1 kilogramo de bacalao
58647,Recetas de Pescado,Receta de Atún en salsa de setas,baja,28,30,Plato principal,2 filetes de atún
58681,Recetas de Pescado,Receta de Pescado en salsa de soja,media,56,45,Plato principal,1 filete de pescado blanco
58701,Recetas de Pescado,Receta de Salmón con salsa teriyaki,baja,28,230,Plato principal,1 filete de salmón
58712,Recetas de Pescado,Receta de Merluza en salsa de zanahoria,media,28,30,Plato principal,8 rodajas de merluza
58748,Recetas de Pescado,Receta de Bolitas de atún,baja,45,230,Plato principal,1 lata de atún
58759,Recetas de Pescado,Receta de Atún encebollado con tomate,baja,28,15,Plato principal,4 filetes de atún medianos
58767,Recetas de Pescado,Receta de Dorada a la plancha,baja,56,24,Plato principal,1 dorada
58804,Recetas de Pescado,Receta de Pejerrey al horno con papas fritas,baja,7,45,Plato principal,2 kilogramos de Filetes de pejerrey
56610,Recetas de Postres,Receta de Gominolas caseras,baja,30,30,Postre,200 mililitros de Agua
57396,Recetas de Postres,Receta de Fudge de fresa,media,36,130,Postre,450 gramos de Chocolate blanco
57421,Recetas de Postres,Receta de Dulce portugués de galletas y leche condensada,baja,45,30,Postre,2 Bricks de nata (de postre
57811,Recetas de Postres,Receta de Quesillo de chocolate casero,baja,45,30,Postre,200 gramos de Chocolate de taza
57896,Recetas de Postres,Receta de Tocino de cielo fácil,baja,36,45,Postre,4 unidades de Clara de huevo
57902,Recetas de Postres,Receta de Isla flotante fácil y rápida,baja,36,15,Postre,6 Huevos
57904,Recetas de Postres,Receta de Pastel de chocolate relleno,media,80,130,Postre,2 tazas de Azúcar estándar
58144,Recetas de Postres,Receta de Brigadeiros de chocolate,baja,10,230,Postre,30 gramos de Mantequilla
58198,Recetas de Postres,Receta de Tarta de banana split,media,36,130,Postre,170 gramos de galletas María
58232,Recetas de Postres,Receta de Sorbete de curuba,baja,30,15,Postre,3 unidades de Curubas medianas
58266,Recetas de Postres,Receta de Yogur de limón,baja,36,30,Postre,750 mililitros de Leche
58273,Recetas de Postres,Receta de Brownies de Nutella,media,45,130,Postre,125 gramos de Harina de trigo
58284,Recetas de Postres,Receta de Profiteroles de nata y chocolate,media,12,45,Postre,160 gramos de Harina
58309,Recetas de Postres,Receta de Panna cotta de queso,baja,45,30,Postre,300 gramos de queso crema
58331,Recetas de Postres,Receta de Flan de coco en horno,baja,10,130,Postre,1 litro de Leche entera
58332,Recetas de Postres,Receta de Helado de Nutella sin heladera,baja,36,30,Postre,250 gramos de Nutella
58336,Recetas de Postres,Receta de Natilla de chocolate sin huevo,baja,28,30,Postre,20 gramos de cacao en polvo sin azúcar
58345,Recetas de Postres,Receta de Fresas rellenas con chocolate,media,45,15,Postre,8 unidades de Fresa
58352,Recetas de Postres,Receta de Buttercream de Nutella,baja,56,45,Postre,90 gramos de Mantequilla
58354,Recetas de Postres,Receta de Cheesecake de chocolate blanco y frutos rojos,media,80,230,Postre,200 gramos de galletas dulces trituradas
58356,Recetas de Postres,Receta de Papillote de frutas,baja,28,30,Postre,100 gramos de Fresa
58357,Recetas de Postres,Receta de Flan de queso y chocolate,baja,80,230,Postre,4 unidades de Huevos
58361,Recetas de Postres,Receta de Crepes de plátano y Nutella,media,80,130,Postre,1 taza de Leche (240 mililitros)
58366,Recetas de Postres,Receta de Arroz con leche tropical,media,10,230,Postre,1 litro de Leche
58369,Recetas de Postres,Receta de Pie de manzana y queso crema,baja,36,45,Postre,350 gramos de Masa quebrada
58378,Recetas de Postres,Receta de Cheesecake de Nutella sin horno,baja,80,30,Postre,100 gramos de Mantequilla
58391,Recetas de Postres,Receta de Coulis de frambuesa,baja,28,30,Postre,250 gramos de Frambuesas frescas
58392,Recetas de Postres,Receta de Bombones de chocolate y frambuesa,baja,45,45,Postre,200 gramos de Chocolate oscuro
58398,Recetas de Postres,Receta de Postre de piña con bizcochos de soletilla,baja,36,230,Postre,2 latas de Piña en almíbar en trozos
58416,Recetas de Postres,Receta de Natillas de chocolate con galletas,media,36,30,Postre,650 mililitros de Leche
58417,Recetas de Postres,Receta de Tarta de queso con tres ingredientes,baja,45,45,Postre,5 Huevos frescos
58423,Recetas de Postres,Receta de Tarta de Nutella y Oreo sin horno,media,125,24,Postre,200 gramos de galletas dulces trituradas
58425,Recetas de Postres,Receta de Huevo Kinder casero,baja,45,30,Postre,200 gramos de Chocolate 50% de cacao
58432,Recetas de Postres,Receta de Postre de tres leches con fruta,baja,45,130,Postre,1 lata de leche condensada
58442,Recetas de Postres,Receta de Brownie sin mantequilla,baja,36,30,Postre,3 Huevos
58455,Recetas de Postres,Receta de Budín de pan con limón,baja,25,130,Postre,1 taza de azúcar (200 gramos)
58466,Recetas de Postres,Receta de Cheesecake de Oreo sin horno,media,125,45,Postre,8 paquetes de Galleta Oreo
58500,Recetas de Postres,Receta de Crema pastelera de coco,baja,56,45,Postre,3 Huevos
58507,Recetas de Postres,Receta de Gelatina de fresa y vodka,media,125,45,Postre,5 unidades de Fresa
62723,Recetas de Postres,Receta de Pastel de chocolate y nueces sin harina,baja,36,30,Postre,120 gramos de chocolate negro para postres (el mío sin azúcar)
64335,Recetas de Postres,Receta de Tarta de quesitos y cuajada con Thermomix,baja,7,45,Postre,1 chorro de Caramelo liquido
64588,Recetas de Postres,Receta de Pastel de chayote dulce con manzanas,baja,80,45,Postre,1½ tazas de Harina de trigo (210 gramos)
64628,Recetas de Postres,Receta de Flan de naranja con Thermomix,baja,10,130,Postre,1 chorro de Caramelo liquido
64797,Recetas de Postres,Receta de Tarta de frambuesas sin queso,baja,45,130,Postre,250 gramos de Harina de fuerza
64808,Recetas de Postres,Receta de Pudín de manzana sin pan,baja,80,130,Postre,2 manzanas Golden
64809,Recetas de Postres,Receta de Pastel de durazno en almíbar,baja,10,30,Postre,2 paquetes de galletas María
64833,Recetas de Postres,Receta de Tarta de manzana express con Thermomix,baja,80,30,Postre,6 manzanas
64841,Recetas de Postres,Receta de Tarta de manzanas con canela y pasas,media,36,30,Postre,5 manzanas verdes
64931,Recetas de Postres,Receta de Torta milhojas de dulce de leche,alta,17,45,Postre,2 láminas de masa de hojaldre o masa inversa
64938,Recetas de Postres,Receta de Brownie de Oreo con Lacasitos,baja,136,45,Postre,300 gramos de yogur griego light
64976,Recetas de Postres,Receta de Pastelitos de chocolate fáciles de hacer,baja,36,45,Postre,⅓ taza de cacao
65033,Recetas de Postres,Receta de Postre de gelatina de fresa con yogur natural y leche,baja,36,45,Postre,1 tarro de leche evaporada
65059,Recetas de Postres,Receta de Carpaccio de frutas,baja,45,130,Postre,6 mandarinas
65072,Recetas de Postres,Receta de Pudin de frutas,baja,10,45,Postre,500 ml de leche
65073,Recetas de Postres,Receta de Mousse de limón casero,baja,36,15,Postre,3 huevos
65096,Recetas de Postres,Receta de Mousse de chocolate vegana con aquafaba,baja,45,30,Postre,1 bote de garbanzos cocidos (solo necesitamos el líquido
65118,Recetas de Postres,Receta de Crema de limón con leche condensada y nata,baja,45,45,Postre,250 gramos de leche condensada
65139,Recetas de Postres,Receta de Budín vegano de manzana y canela,baja,80,15,Postre,1 taza de manzana en cubitos
65186,Recetas de Postres,Receta de Tarta de patata y almendra,baja,80,45,Postre,300 gramos de patatas
65879,Recetas de Postres,Receta de Flan de turrón sin huevo,baja,80,15,Postre,1 litro de leche
66017,Recetas de Postres,Receta de Mousse de limón con nata,baja,45,30,Postre,300 gramos de nata líquida para postres
71449,Recetas de Postres,Receta de Tarta de Nutella y galletas,baja,80,15,Postre,1 paquete de galletas tipo María o Digestive (200g)
71468,Recetas de Postres,Receta de Tarta de panna cotta,baja,80,130,Postre,225 gramos de harina
71539,Recetas de Postres,Receta de Torta bombón,baja,80,30,Postre,1½ tazas de harina de trigo (210 gramos)
71592,Recetas de Postres,Receta de Tarta de turrón sin horno,media,80,45,Postre,200 gramos de galletas maría (1 paquete)
71619,Recetas de Postres,Receta de Turrón de Lacasitos,baja,45,15,Postre,250 gramos de chocolate para postres
71630,Recetas de Postres,Receta de Figuritas de mazapán,baja,36,45,Postre,250 gramos de almendra molida
71637,Recetas de Postres,Receta de Torta de lentejas,baja,80,130,Postre,200 gramos de lentejas ya cocidas
71655,Recetas de Postres,Receta de Mousse de café fácil y rápida,baja,45,15,Postre,350 mililitros de leche condensada
71656,Recetas de Postres,Receta de Trufas de chocolate blanco,baja,45,30,Postre,300 gramos de chocolate blanco para postres
71668,Recetas de Postres,Receta de Pastel de naranja sin horno,baja,36,45,Postre,500 mililitros de zumo de naranja
71673,Recetas de Postres,Receta de Tarta Mikado,baja,80,130,Postre,200 gramos de chocolate negro
71703,Recetas de Postres,Receta de Mousse de chocolate negro,baja,36,15,Postre,200 gramos de chocolate negro (con un mínimo de 70% de cacao) en tableta
71735,Recetas de Postres,Receta de Relleno de Oreo para torta,baja,80,15,Postre,2 botes de crema de leche fresca o nata líquida fría
71765,Recetas de Postres,Receta de Tarta Sacher,media,80,130,Postre,6 huevos frescos
71796,Recetas de Postres,Receta de Trufas de chocolate con leche condensada,baja,36,30,Postre,1 lata de leche condensada (aprox. 400 g)
71919,Recetas de Postres,Receta de Pastel de zanahoria integral,baja,80,230,Postre,1½ tazas de harina integral de espelta
71972,Recetas de Postres,Receta de Bolitas de coco,baja,45,130,Postre,2 plátanos
72016,Recetas de Postres,Receta de Crepes de chocolate,baja,36,45,Postre,½ taza de harina de trigo (puede ser integral)
72048,Recetas de Postres,Receta de Torta de manzana húmeda fácil y rica,baja,80,45,Postre,6 manzanas verdes o rojas
72068,Recetas de Postres,Receta de Arroz con leche condensada fácil y cremoso,baja,45,30,Postre,1 litro de leche
72111,Recetas de Postres,Receta de Lemon pie con leche condensada,media,80,130,Postre,2 hojas de gelatina
72175,Recetas de Postres,Receta de Tarta de yogur sin horno,baja,10,130,Postre,250 gramos de galletas
72275,Recetas de Postres,Receta de Mini pavlovas,baja,36,130,Postre,3 claras de huevo a temperatura ambiente
72276,Recetas de Postres,Receta de Tarta mousse de limón fácil,media,10,130,Postre,200 gramos de galletas
72297,Recetas de Postres,Receta de Flan vegano de melocotón,baja,45,45,Postre,4-5 melocotones en almíbar
72413,Recetas de Postres,Receta de Cheesecake vegano fácil,baja,80,30,Postre,150 gramos de galletas veganas tipo María
72545,Recetas de Postres,Receta de Budín de naranja,baja,45,30,Postre,1 sobre de polvos para hacer el flan
72617,Recetas de Postres,Receta de Marquise de chocolate,baja,10,230,Postre,150 gramos de manteca
72671,Recetas de Postres,Receta de Tarta de zanahoria y coco,baja,80,130,Postre,100 gramos de galletas María (½ paquete)
72693,Recetas de Postres,Receta de Arroz con leche peruano,baja,45,45,Postre,200 gramos de arroz
72729,Recetas de Postres,Receta de Tarta de queso al horno,baja,80,130,Postre,500 gramos de queso crema tipo philadelphia
72730,Recetas de Postres,Receta de Crema diplomática,baja,80,30,Postre,3 hojas de gelatina
72862,Recetas de Postres,Receta de Crema chiboust,baja,80,130,Postre,2 hojas de gelatina
72874,Recetas de Postres,Receta de Kuchen de frambuesa,media,10,130,Postre,2 huevo
72889,Recetas de Postres,Receta de Crema muselina,baja,45,30,Postre,150 gramos de mantequilla sin sal
72977,Recetas de Postres,Receta de Mazamorra de quinua,baja,56,45,Postre,65 gramos de quinua
73012,Recetas de Postres,Receta de Mazamorra de maicena con leche,baja,45,10,Postre,500 mililitros de leche
73089,Recetas de Postres,Receta de Melocotón en almíbar,baja,28,30,Postre,3 melocotones
73106,Recetas de Postres,Receta de Torta de yuca con coco,baja,36,130,Postre,70 gramos de manteca
73116,Recetas de Postres,Receta de Torta Chajá clásica,baja,125,230,Postre,6 huevos
73134,Recetas de Postres,Receta de Torta de auyama tipo quesillo,baja,10,130,Postre,100 gramos de azúcar (½ taza)
73224,Recetas de Postres,Receta de Tarta de queso con cuajada,media,12,230,Postre,20 galletas tipo María
73337,Recetas de Postres,Receta de Bizcochuelo de manzana,baja,10,130,Postre,225 gramos de azúcar
73351,Recetas de Postres,Receta de Pasta frola con aceite,baja,80,45,Postre,250 gramos de harina
73358,Recetas de Postres,Receta de Mousse de banana fácil,baja,45,45,Postre,400 mililitros de nata para montar muy fría
73366,Recetas de Postres,Receta de Pasta frola de batata,baja,36,130,Postre,1 pieza de batata grande o dos medianas
73367,Recetas de Postres,Receta de Tarta de galletas y chocolate de la abuela,baja,10,45,Postre,2 paquetes de galletas (400 g)
73395,Recetas de Postres,Receta de Manzanas asadas al microondas,baja,45,30,Postre,4 piezas de manzana Gala (u otro tipo)
73401,Recetas de Postres,Receta de Mousse de Durazno,baja,45,30,Postre,2 duraznos
25312,Recetas de Verduras,Receta de Milanesas de berenjena,media,45,45,Entrante,2 unidades de berenjenas medianas
25326,Recetas de Verduras,Receta de Nopales con chorizo,baja,36,30,Plato principal,10 unidades de nopales
25328,Recetas de Verduras,Receta de Nopales con tortitas de camarón,baja,28,130,Plato principal,10 piezas de Nopal cocido y picado en cuadros medianos
25329,Recetas de Verduras,Receta de Nopales rellenos de queso,baja,45,130,Plato principal,½ kilogramo de tomate rojo
32034,Recetas de Verduras,Receta de Aguacates rellenos con camarones y pico de gallo,baja,25,130,Entrante,5 unidades de aguacate
32035,Recetas de Verduras,Receta de Aguacate rellenos con esalada y camarones,baja,80,130,Entrante,4 unidades de aguacate maduro
32105,Recetas de Verduras,Receta de Papas a la huancaína - Bolivia,baja,45,130,Plato principal,1 pizca de Condimentos
32116,Recetas de Verduras,Receta de Papas a la huancaina peruanas,alta,45,45,Entrante,1 kilogramo de Papas
32334,Recetas de Verduras,Receta de Papas con queso rellenas,baja,45,30,Entrante,½ kilogramo de patatas
37729,Recetas de Verduras,Receta de Berenjenas con atún al horno,baja,28,30,Plato principal,1 unidad de berenjena
37731,Recetas de Verduras,Receta de Berenjenas con queso al horno,baja,36,30,Plato principal,2 berenjenas
37733,Recetas de Verduras,Receta de Berenjenas en escabeche fácil y rápido,baja,36,230,Entrante,1 berenjena
37779,Recetas de Verduras,Receta de brocoli al gratín,baja,28,45,Plato principal,2 unidades de brocoli
52137,Recetas de Verduras,Receta de Berenjenas con tomates y queso de cabra,baja,28,45,Entrante,1 unidad de berenjena
52150,Recetas de Verduras,Receta de Berenjenas en escabeche con verduras,media,28,130,Entrante,3 unidades de berenjenas
52205,Recetas de Verduras,Receta de Alcachofas con patatas,media,28,15,Entrante,3 unidades de Alcachofa
52279,Recetas de Verduras,Receta de Zanahorias en salsa blanca,baja,45,15,Entrante,4 unidades de zanahorias
52311,Recetas de Verduras,Receta de Alcachofas rellenas vegetarianas,media,28,30,Entrante,4 unidades de Alcachofa
52341,Recetas de Verduras,Receta de Berenjenas rellenas de calabaza y anchoas,baja,56,45,Plato principal,1 unidad de berenjena grande
52344,Recetas de Verduras,Receta de Lasaña de berenjenas con cordero,baja,28,130,Plato principal,1 unidad de berenjena
52349,Recetas de Verduras,Receta de Calabacín relleno de carne molida,baja,30,15,Entrante,3 unidades de calabacín amarillo
52354,Recetas de Verduras,Receta de Buñuelos de espinaca y queso,baja,45,15,Entrante,1 manojo de Espinaca
52358,Recetas de Verduras,Receta de Papas chorreadas,baja,45,130,Entrante,8 unidades de patatas
